{
    "relaxed_f1_id_match": {
        "precision": 82.76990185387132,
        "recall": 76.28140703517587,
        "f1": 79.39330543933055
    },
    "enhanced_f1_id_trigger_match": {
        "precision": 70.7742639040349,
        "recall": 65.22613065326634,
        "f1": 67.88702928870293
    },
    "strict_f1_weighted_content": {
        "precision": 63.83678662304598,
        "recall": 58.83249581239514,
        "f1": 61.23256624825644
    },
    "rouge1": 92.14500216063011,
    "rouge2": 89.63890707558465,
    "rougeL": 85.57597407994777,
    "bleu": 91.87937105299028
}